method,objective,expected_f,expected_s,keep_rate,n_evaluations,seconds,ell,bp_iterations
grid,4.0506329113924053,4.0506329113924053,4.5253164556962027,0.6171875,20,99.872311,4,1
random,4.0800000000000001,4.0800000000000001,4.54,0.5859375,20,105.682223,4,2
hillclimb,4.0606060606060606,4.0606060606060606,4.5303030303030303,0.515625,13,61.703138,4,1
